epoch,avg_loss,batches
1,-0.0018053498681638303,256
2,-0.015104913365576067,256
3,-0.07526178227089986,256
4,-0.22785633560852148,256
5,-0.4544862204929814,256
EVAL,-20.96,
