epoch,avg_loss,episodes
1,-0.002081901027798529,500
2,-0.031273444671202084,500
3,-0.15814803630776622,500
4,-0.38919367386340015,500
5,-0.652543572899443,500
EVAL,-20.82,
