epoch,avg_loss,episodes
1,-0.0017035213753870417,500
2,-0.015884023271241193,500
3,-0.10068125698608689,500
4,-0.2984895179421833,500
5,-0.5814602541460531,500
EVAL,-20.26,
