epoch,avg_loss,episodes
1,-0.00912671210244298,2
2,-0.003272018046118319,2
3,-0.014163268264383078,2
EVAL,-20.54,
