epoch,avg_loss,episodes
1,0.4997777162360496,15141
2,0.4467043768488804,15141
3,0.42990592105937725,15141
EVAL,-13.333333333333334,
