epoch,avg_loss,episodes
1,0.27436107537343435,24700
2,0.23149337400097839,24700
3,0.2194828694829574,24700
EVAL,-13.7,
