epoch,avg_loss,episodes
1,-0.012212561664495783,24700
2,-0.0477389018899697,24700
3,-0.12053706006030081,24700
EVAL,-20.533333333333335,
