epoch,avg_loss,episodes
1,0.35365028829455225,15141
2,0.31390312327319664,15141
3,0.30219662206804854,15141
EVAL,-11.5,
