epoch,avg_loss,episodes
1,0.5479169508464906,24700
2,0.531041608889576,24700
3,0.5291564876010061,24700
EVAL,-15.033333333333333,
