epoch,avg_loss,episodes
1,0.22819491969006747,24700
2,0.21384964201614443,24700
3,0.21089968186339386,24700
EVAL,-10.5,
