epoch,avg_loss,episodes
1,-0.014326017478627986,24700
2,-0.05190842345060954,24700
3,-0.12862066876120593,24700
EVAL,-20.6,
