epoch,avg_loss,episodes
1,0.5874648499585357,24700
2,0.5473744176659989,24700
3,0.541323025578912,24700
EVAL,-17.3,
