epoch,avg_loss,episodes
1,-0.0012429534877983358,500
2,-0.019406179761265435,500
3,-0.12411860992308836,500
4,-0.32062328066536383,500
5,-0.566248153613074,500
EVAL,-19.06,
